,meanprobs0,meanprobs1
0,0.0,0.0
1,0.00038738063422063727,0.0020951971541736604
2,0.000755292202683823,0.0030160717627866255
3,0.001088306038897077,0.004199686985644546
4,0.0012011167858553343,0.0049254216104837436
5,0.0013917306924864045,0.007721351829749098
6,0.0015538278983026747,0.009710598235568342
7,0.0025629681188710078,0.015290398255840425
8,0.0034525399963592296,0.020212006472622994
9,0.0045800078443113445,0.026198998847725124
10,0.0067317046942094,0.034068451162706535
11,0.009538120813643903,0.05149161635452672
12,0.01252974273324019,0.07042828915149389
13,0.016290698193853856,0.08467122989067978
14,0.02063460429480009,0.09404923009777656
15,0.024450986346174663,0.10444174545088489
16,0.030148664211359623,0.111150757273775
17,0.0342163675213989,0.11715706588602375
18,0.03834469620582868,0.12426298752566427
19,0.03732220646469429,0.12895875276060703
20,0.03648790860219502,0.1336363797952071
21,0.03547327204898155,0.1396388634198565
22,0.03211379953949878,0.14216781059546893
23,0.029539343953563706,0.1441567599262077
24,0.031701683453528896,0.14738891117990432
25,0.03287078732730248,0.14622255276278553
26,0.03323545119791618,0.14497371205385026
27,0.03136613227941468,0.146201983015655
28,0.03330434450531161,0.146863528415612
29,0.032454982618801476,0.14632506262725767
30,0.02882282591495943,0.14702227667036444
31,0.02712061550657754,0.15108392352187883
32,0.026088492743806858,0.1543448859635572
33,0.024646830634455646,0.157111029026434
34,0.0237554406171754,0.15860311973095118
35,0.023789824105318297,0.15996981742587404
36,0.023363508628928564,0.16105508213003536
37,0.023649311990735247,0.16423203529941838
38,0.024485229252593055,0.1655177687956041
39,0.024500201823529424,0.16727279175273055
40,0.02453567151462526,0.16877617267448614
41,0.02469084107406271,0.16872047058137482
42,0.02472536964336887,0.1682161539145262
43,0.024820167479956058,0.1684710072734738
44,0.025046502902454075,0.16880497906996986
45,0.025234958040444674,0.16873035350924384
46,0.026331186053527883,0.16898449789638414
47,0.026588362858676235,0.16885898244424896
48,0.02688862961394767,0.16817259593313952
49,0.02620433504044352,0.16585541200517442
50,0.028906109764223545,0.16699321741997955
51,0.03296393362802028,0.16918803002575972
52,0.036553570881361665,0.17030859403785475
53,0.03960817083865195,0.17135635655340017
54,0.0416426047903221,0.17189423163795337
55,0.04286810610365642,0.17423162989428892
56,0.044330045916076304,0.17351106966454316
57,0.046466143059155286,0.17647368061087698
58,0.05087923963168159,0.18015912060024958
59,0.052795998074703476,0.18452012472876622
60,0.053790653553175756,0.1880411587625035
61,0.05650629029024489,0.1902362784067937
62,0.05965347359515789,0.19587501223786932
63,0.06189184611456064,0.196203647289741
64,0.06254345414061543,0.19807415013529103
65,0.06690137885346414,0.1994715093973341
66,0.06809967038161598,0.20299293088758896
67,0.06974648707059497,0.20564266380042112
68,0.07265807695976395,0.20833703368246675
69,0.07581224097008565,0.20922308069322262
70,0.07717314175156646,0.21194713309743007
71,0.08117030408421996,0.21436934494389914
72,0.08518247688113825,0.21712364390781586
73,0.08700450390475402,0.2190014843831792
74,0.08911262459214396,0.22200558613657898
75,0.08695081491153965,0.21772439827068785
76,0.0861521877877488,0.2145742588979778
77,0.08291422464848103,0.2126808624963814
78,0.082209432553977,0.21035204054077145
79,0.08027476394431066,0.208106445356407
80,0.07824998557293844,0.20652426820567618
81,0.07769577734545813,0.20506652295591676
82,0.07700503515729445,0.20663324537121014
83,0.07383211762607716,0.20408761609387824
84,0.07150247118033719,0.20432644135920808
85,0.07103632068152962,0.20421167773428078
86,0.07049037769568278,0.2040452014180906
87,0.07077930130430866,0.20225586378034785
88,0.07064820759121421,0.20125941828784283
89,0.0707385243794548,0.19999979965291487
90,0.07006749130211438,0.19827504156438877
91,0.06840694543532429,0.1976205020063317
92,0.06900752681821755,0.19608339794682147
93,0.06941401225357834,0.19397087976174723
94,0.06850106726912115,0.19345428433157044
95,0.06804366978664983,0.19196140143085708
96,0.06744467288950329,0.19144979245129998
97,0.067903477244966,0.1894312713497605
98,0.06867569096086341,0.18724641359237074
99,0.06903877884871085,0.18540936141867773
100,0.07075435266570282,0.18383744965213766
101,0.07317650988824786,0.18357227380891222
102,0.07557064134118213,0.18436355819920547
103,0.07715793886829542,0.18420948437552506
104,0.07682482354762048,0.1844235922919425
105,0.0768003953236067,0.18593039862314334
106,0.0776149953502895,0.18833164982888953
107,0.0780738989450121,0.19027850591880185
108,0.07807758116118042,0.19317821008038016
109,0.08057890089354867,0.19572606824145422
110,0.08074883272028745,0.19760225023199748
111,0.08194684663915039,0.19820369486757938
112,0.08330767956782796,0.19987231311309145
113,0.08598676088900843,0.20054516129841712
114,0.08989010782108962,0.20198591024559978
115,0.09394198113516658,0.20295553208232747
116,0.09898868875255061,0.2032013084687223
117,0.10145386933944155,0.20533079183505273
118,0.10274190577004322,0.2049019585739765
119,0.10650697112857639,0.2056491892457434
120,0.11077770107684508,0.2062162623612741
121,0.11291318831383602,0.20616662235761637
122,0.116494610786419,0.20599390593852565
123,0.11700557171809167,0.20593156184998013
124,0.11807900823839745,0.20686326827802198
125,0.1155382626659357,0.20316134126701785
126,0.11400324528896516,0.2000081358639121
127,0.11115112960889229,0.1970693256361793
128,0.10909697850800015,0.19623693998457772
129,0.10809108885185159,0.1950397329570268
130,0.10659640842904043,0.19341146281200836
131,0.10684314161276837,0.19329963734815914
132,0.10612139707038652,0.19217131708679452
133,0.10545801998288747,0.1913368443748988
134,0.10444477455072519,0.1906150726730721
135,0.10550136622162562,0.18871387044827126
136,0.1040112482422087,0.1869264015597406
137,0.10553708253892354,0.18430242356888638
138,0.10632698621076589,0.1829744731925467
139,0.1052115793106761,0.18140470001581846
140,0.10579135714996407,0.1813824206936662
141,0.10752824886019316,0.18110499505896996
142,0.10717615659608848,0.18071980912396626
143,0.10730299361324085,0.17980792074036225
144,0.10611881567932,0.179035037219738
145,0.1064207921443755,0.17893800668736592
146,0.1068448842580545,0.17718227302280296
147,0.10582976530744478,0.17593487756111476
148,0.10519359867708404,0.17506381096105256
149,0.10511863789984187,0.17466704655261092
150,0.10950723645954806,0.174406655146898
151,0.11231127055436088,0.1750107370913519
152,0.11563830014323077,0.17663355737771164
153,0.11938520109846525,0.17706124863310257
154,0.12488805009855986,0.1772889283844236
155,0.12599875237688626,0.17655696920585712
156,0.12681205036721657,0.17587305842118633
157,0.1286523260613479,0.17602284894709463
158,0.13092390173676868,0.17569515537413322
159,0.13117903331147943,0.17691649959150207
160,0.13268439993077888,0.17674508942640962
161,0.13242660349046423,0.17701262150136843
162,0.13349929947482314,0.17870278528037611
163,0.13468756778980678,0.18037649671795525
164,0.13391218217989975,0.18257975281324618
165,0.13527046268937604,0.18389581988870202
166,0.1370938322325801,0.18558485274598666
167,0.1391482135228504,0.18751781693471328
168,0.14086883451205037,0.18875321433412046
169,0.14195358800647548,0.18933138378187545
170,0.1417914345466851,0.19130526799126915
171,0.14373640537116653,0.19271275413060485
172,0.14520710754732052,0.19438336009818788
173,0.14528100687237117,0.19532849551043627
174,0.1465221814449044,0.1956403784391539
175,0.1454950821998159,0.19404493817856563
176,0.1436666678429809,0.19238297268120805
177,0.14201537569093126,0.18924933580249853
178,0.14074847556308523,0.18830365267190954
179,0.1381299362953171,0.18698419176020564
180,0.13735246481744268,0.18574812193600054
181,0.1359705294699244,0.18538912428667118
182,0.13576744972839247,0.18469085315950803
183,0.13589566735552636,0.18356607528321994
184,0.13667273788652354,0.1839209410383134
185,0.1370481916019232,0.18328173830643604
186,0.13574974579181281,0.18362969767804896
187,0.13545692224362677,0.1818788182388566
188,0.13424548845453715,0.18086094115721338
189,0.13184476618570648,0.1792566304198907
190,0.1307128621117244,0.17835908437912354
191,0.13190830456639852,0.1780961422034529
192,0.13098311592460068,0.17837611670961637
193,0.13108735765274368,0.18068733471621623
194,0.12979640575921933,0.18023503951350722
195,0.12943451817808557,0.17941277243879483
196,0.12822234336548527,0.17838105458474424
197,0.12647950215928627,0.1769726011333124
198,0.12603158780459014,0.17698381667152147
199,0.12475336358252148,0.17695080425871784
200,0.12416952240166293,0.179093189452206
201,0.12462905170816761,0.17992042925264182
202,0.12375568969189817,0.18152243109691005
203,0.1243413289093061,0.18463786631324416
204,0.12434907437700472,0.18611246147359597
205,0.12436702474983524,0.188029262390602
206,0.12416493572051651,0.18965670675275695
207,0.12367533872042748,0.19189789855252104
208,0.12393209555876597,0.19270894901270097
209,0.12457946787690899,0.1941255445484066
210,0.1253681769618228,0.19521701359797283
211,0.1253646811665746,0.19641058181232032
212,0.12653270657892962,0.1962895337129866
213,0.12864783653457637,0.19712951171990178
214,0.1286289737382156,0.19763475364031036
215,0.13070921954804135,0.19826837666634112
216,0.1300984694557911,0.19942720364533978
217,0.13103722791729316,0.200381857845965
218,0.13288223528863657,0.2012932776013436
219,0.13305730259477608,0.20290315304323542
220,0.1328810912052849,0.203662496287349
221,0.13262731730331365,0.2043079650960155
222,0.13335132245662823,0.20567679842659045
223,0.1334751029536414,0.20515143743357578
224,0.13662224634594847,0.20620995699437325
225,0.13378326167098037,0.20416825500166572
226,0.12681760824379043,0.2013928858379932
227,0.1248548277604571,0.19858312403727515
228,0.1221821337652303,0.19662238037640095
229,0.12156371321650976,0.19388742814287527
230,0.12151487682621809,0.19329635181321775
231,0.12121490536580606,0.19195801956349293
232,0.1211910698620777,0.1915725543099934
233,0.12027090227489481,0.19042454227984262
234,0.11938454129634589,0.18955322379776834
235,0.11988927973134775,0.18886917319048807
236,0.11905295317375876,0.18869583984394947
237,0.11922477215933901,0.18803871252897003
238,0.11852200875742103,0.1878791505665243
239,0.11788894230349711,0.1877128472445531
240,0.11719273024701718,0.18707849684970085
241,0.11639267588273697,0.18662633939515122
242,0.11691264211892974,0.1874825944907195
243,0.11634333129777123,0.18725924757905985
244,0.11672565115039789,0.18751042447807376
245,0.11700657892069698,0.1870056390445723
246,0.11755935337148919,0.18790503491223487
247,0.11725559796447957,0.1877811859787271
248,0.11728259559327646,0.18701172628371318
249,0.11704064158188399,0.18523603403417277
250,0.11773800828488248,0.18428061472580165
251,0.118349266016818,0.18433102480669708
252,0.1183579092364676,0.18345834562742566
253,0.1190269777290674,0.18382754308482416
254,0.11993141229654726,0.18273453703268958
255,0.12076816006920946,0.18342113986255157
256,0.12187770826852114,0.1826926476431608
257,0.12124643757892621,0.1837367259731323
258,0.122018348120241,0.1838330100266484
259,0.12303179866017258,0.18319544973780197
260,0.1247005325261484,0.18326314376122402
261,0.12503369340430723,0.18342610487598465
262,0.12647530748394203,0.18413103317510984
263,0.1280192273072171,0.18576762480263415
264,0.12856343693935526,0.18567282750978364
265,0.12858299230128664,0.18573329548166148
266,0.12871032015342035,0.186015427610597
267,0.1280593614813349,0.18575650005917477
268,0.1290901555577817,0.1856920085369681
269,0.13161943437158127,0.18626210612944452
270,0.13221393239383272,0.18668397186369873
271,0.13290659407599542,0.18741628410777705
272,0.13421960987623993,0.18864398799471702
273,0.13595224496671,0.1895349439214515
274,0.13831488719003382,0.19141180796703966
275,0.13217829214728546,0.19085621502918518
276,0.12804217885676414,0.190274404530246
277,0.12436910465920104,0.18960466045786445
278,0.12141416567189538,0.1882908773977854
279,0.11991980496391179,0.1879987070549385
280,0.11983358427683959,0.18799784122703656
281,0.11888928022066357,0.1875324491506885
282,0.11797320955689239,0.1874506602251613
283,0.11735227863452552,0.18721684324910554
284,0.11686931670915415,0.18585046387306633
285,0.11738226600764175,0.18423637840146273
286,0.11716927181307459,0.18221990963777268
287,0.11716364767983087,0.18141769626358586
288,0.11693024849370556,0.1798058174788735
289,0.11683636429562202,0.17865025577677462
290,0.11714967495639221,0.1774502762867804
291,0.11694408453448278,0.1761722802008857
292,0.11656459409495844,0.17463346488303438
293,0.11629591590972069,0.17327808426224758
294,0.1154604196113473,0.1729231792373014
295,0.11546438850932488,0.1715444208013745
296,0.11558872052882356,0.17118161185448752
297,0.11498760043034564,0.17158521038247534
298,0.11455805679979475,0.17185864120433508
299,0.11544741048147376,0.17120294245965187
300,0.11608554549200534,0.16988539230229635
301,0.11729969386494579,0.16950050869467087
302,0.11827122341486121,0.16897521865085435
303,0.11883020180143705,0.16946510034592843
304,0.1189620511819272,0.1699884045675448
305,0.11900331410972087,0.16997427648711944
306,0.11997240939834511,0.17075845268972142
307,0.12205965389279637,0.1709073774644774
308,0.1242837433166465,0.17168300005790638
309,0.12562195084182978,0.173157367395743
310,0.12690555976875262,0.1736956532722609
311,0.1265233424811941,0.17539402228546264
312,0.12704334301856715,0.17626250549126363
313,0.12732984317956178,0.17665737399378903
314,0.12724510352802307,0.17664579328442312
315,0.1279895629251949,0.17751519827335338
316,0.1276613643976411,0.17835321029184809
317,0.12773197115218235,0.1792493384402798
318,0.12821579296062827,0.18064645170862417
319,0.12942851638701858,0.18140053826161184
320,0.13113040738901804,0.18162560177934617
321,0.1311013814375367,0.1820284641878375
322,0.1323236348986309,0.182149977917522
323,0.1328048899990717,0.18381380590230778
324,0.13398250311776141,0.1843863498618945
325,0.13149933084306162,0.1812105483423322
326,0.13184118672303327,0.17819970737571533
327,0.13046324188669556,0.17613895370563784
328,0.12829664400010693,0.17469181635632594
329,0.12705574691829824,0.17241980047835573
330,0.12599727499774438,0.17153529080937807
331,0.12543971189805264,0.1712801470987743
332,0.12499181500083976,0.17143529359277357
333,0.1251731097987187,0.17229995015176947
334,0.12533991802021055,0.17258320917890851
335,0.12506994593531082,0.17218178169668194
336,0.12401444227787091,0.1738659136622539
337,0.12406186407534858,0.1743253872326913
338,0.12394775177822065,0.17513774984835467
339,0.1237199153397577,0.17490648422346375
340,0.12439701841045521,0.17523490413823725
341,0.12419081546967416,0.1741277543763021
342,0.12425655422318646,0.17522077786115664
343,0.12515153365833895,0.17561251613904932
344,0.125428303605382,0.17502984330821852
345,0.1250995739020494,0.1753516924670528
346,0.12584668919301126,0.17480478892942536
347,0.12648489815225122,0.17465127507333
348,0.12789358335365603,0.17464130319935559
349,0.12719411166398167,0.17439929579063657
350,0.12805142101727068,0.17307323686566453
351,0.1283374078283921,0.1724531807161824
352,0.12746990919599763,0.1726256976272182
353,0.12864045137368185,0.17400941843627246
354,0.1290742067867084,0.1748026384044933
355,0.1302728531435305,0.1757410660456513
356,0.12949112157106685,0.17643395323022476
357,0.12989764148171695,0.17676074191831015
358,0.13071818741589333,0.1767518468329961
359,0.1311092031066554,0.17808614377223972
360,0.13169836160940707,0.17833802977352187
361,0.1332903680405082,0.17869447939448205
362,0.13450017678453235,0.17835798242291948
363,0.13526010603014438,0.17966695254627169
364,0.13667700020594767,0.17991267795508092
365,0.13633146008361346,0.17980269236034663
366,0.13747929013827026,0.1805310932534971
367,0.13781858204740202,0.18046943960788592
368,0.1384256634796763,0.18043336857472603
369,0.13867360340153187,0.18087860520053178
370,0.1396551630625551,0.18145020391478245
371,0.14216989550991066,0.18152233150600364
372,0.1424925749141749,0.1814665970674588
373,0.14438705799938936,0.18204840597342364
374,0.1438363465832919,0.18062756459638155
375,0.1400192413496424,0.17899072383815973
376,0.1381702535567944,0.17668054508390146
377,0.13718783432193601,0.17560208450554143
378,0.13613624023752696,0.17417093520731877
379,0.13442483347202097,0.1733910452295645
380,0.13419090307633777,0.1724683766687394
381,0.13404507817321004,0.172652635141228
382,0.1343873263651766,0.1721318766991218
383,0.13444785070080006,0.17179536934325385
384,0.13418603518871045,0.1717497474977331
385,0.13374438727686855,0.1703334545776326
386,0.13338492037248526,0.17035533191415891
387,0.13375145728975799,0.16855264329500586
388,0.13308836720119124,0.16842871822955935
389,0.13255845422639226,0.1679026491930849
390,0.13236413467601227,0.16672359799890477
391,0.13244581422977805,0.16664131842946425
392,0.13257741310534588,0.16621716138878176
393,0.131891619133362,0.1663252309030907
394,0.13232730633909454,0.16718493410672688
395,0.13148365577751447,0.16697994633261068
396,0.1320051278465754,0.1673421333401021
397,0.131739411996466,0.1668057062133578
398,0.1314689972569795,0.16584760019756298
399,0.13126943550322545,0.16750145126069838
400,0.13293489536855277,0.16547660134509584
401,0.13420732470723837,0.16353782519846086
402,0.13515535233717893,0.16181387931459124
403,0.13568562796747313,0.16213871206802433
404,0.13639847021821416,0.1625911620865134
405,0.13775057288624604,0.16278624745000025
406,0.13827854148863217,0.1631730026266477
407,0.13846830553821324,0.162694148723719
408,0.13830881676925066,0.1630581290204783
409,0.13809607889385414,0.16335434864739518
410,0.1384456595275207,0.16440947050926158
411,0.1393347729063118,0.1652601467478473
412,0.14002118172896474,0.16590337680896097
413,0.1397630213612153,0.16645559816744707
414,0.138882461028388,0.16657520544130436
415,0.13873373070712267,0.1667180614450503
416,0.13872276369938752,0.16626896577946462
417,0.13898005727737228,0.16618296953843054
418,0.13910719025412283,0.16732479191857735
419,0.13887736978181967,0.16775416782095548
420,0.13974884082725875,0.1674873732222215
421,0.13942352906585934,0.16736746649543682
422,0.13958426925476158,0.1669295504399843
423,0.1390251691315828,0.16635196113710388
424,0.1398820537276032,0.16503844537813703
425,0.13735405353803395,0.1652462475273342
426,0.13548063944754785,0.16518197802374252
427,0.13393058494800833,0.16502757750854172
428,0.1326503480591083,0.16496198171168436
429,0.13173467684832782,0.1657051837606547
430,0.13064110616498034,0.16528923464775286
431,0.13048353732658224,0.16491506028414876
432,0.1298545807061677,0.1633785569334754
433,0.12931358998300616,0.16333336846740243
434,0.1292541593286359,0.1632999409273716
435,0.1289468895585811,0.16308061758376205
436,0.13014512524337246,0.1619398268674235
437,0.12984587502049197,0.16102578287337976
438,0.1302591105954207,0.16030478824804958
439,0.1309344191002346,0.1599188998673192
440,0.13003488057299809,0.15913327898596566
441,0.13067851685285842,0.1588054400707986
442,0.13031302868673356,0.15819236784486054
443,0.13068511580285416,0.15894433302104927
444,0.13099618648562364,0.16017764284696592
445,0.1316626304550013,0.1603769687119196
446,0.13174104944920997,0.15936626594847908
447,0.13095662904206912,0.15937909333286845
448,0.13052124872853252,0.1595895073210573
449,0.1309681678239422,0.1590157999006925
450,0.13178351156046011,0.156862093105304
451,0.13252736567042525,0.15578263022486744
452,0.13405134491588683,0.15568838646351663
453,0.1344784308797188,0.15634752140970087
454,0.13426246306053805,0.15713572699010894
455,0.13479347982403428,0.1570947201680267
456,0.13597935566557925,0.15679450317604454
457,0.13714416940393448,0.1571347165843497
458,0.13866804634327634,0.15747699447732472
459,0.1386427804886725,0.15764014288878367
460,0.13903529162727568,0.15764810155891254
461,0.13949579908884682,0.15786922009889245
462,0.1399603548658574,0.15781164380842277
463,0.1381719365962649,0.15807861323421438
464,0.13922370315267918,0.1590339651253575
465,0.13920351198794545,0.1599315161011909
466,0.13914274744213553,0.16038249809342156
467,0.1409801188441149,0.16134297050455407
468,0.14128158075594494,0.16151441264387945
469,0.14269425690650953,0.16137031622249706
470,0.14313854920389013,0.16063656425298248
471,0.14287290057615615,0.1603818124955956
472,0.14301783842408422,0.16033982794100915
473,0.14275581447511346,0.1606897273225934
474,0.14193802150360746,0.1600492227282664
475,0.13787617728433804,0.1583675756392615
476,0.1363805285080662,0.15789190411377965
477,0.13526766209607477,0.1567360937392686
478,0.13490676766245155,0.15637168793238543
479,0.13454024155797642,0.15672818483758283
480,0.13417701934594906,0.1566850833397899
481,0.13400719304367217,0.15671666199075623
482,0.13431185006988003,0.15698585096899886
483,0.13389469812870053,0.1574839948870855
484,0.13389898839924697,0.15680540958699304
485,0.13294293040997154,0.1570180397764033
486,0.13103829000365907,0.15722605093617734
487,0.1319204834872816,0.156117058549532
488,0.13179450401526013,0.1562263071613072
489,0.1305025821940517,0.15555425175413454
490,0.13158884618365588,0.15637262814789718
491,0.13160609882613783,0.15561429594584728
492,0.13112518626869626,0.15614609102946855
493,0.1315269266379817,0.15565103369167443
494,0.13117118031565408,0.15789930061509752
495,0.13053331288434894,0.15902654414577133
496,0.13045852507212807,0.16019743988709864
497,0.13156453919432431,0.16031837380237804
498,0.13214951801476532,0.16124198999218503
499,0.13299084114666646,0.16122957012501907
500,0.1356619592917555,0.15649723228859916
501,0.13701757426079214,0.15487290819524258
502,0.13744323443836745,0.1529736192612705
503,0.13755499449405967,0.15259840560070073
504,0.1377396207165821,0.15147222819892178
505,0.1384032704747622,0.15118815499776866
506,0.1383236468322841,0.1506641112175912
507,0.1387355120224545,0.15010092810414508
508,0.13950190996003425,0.14922515003333794
509,0.13813457504735047,0.14787498997729429
510,0.13828378983549708,0.14613865248561161
511,0.138162534324569,0.14557138895331956
512,0.13855726636297735,0.14482481078683346
513,0.13941355279613654,0.14494557768510205
514,0.1399030638288933,0.1437166274494089
515,0.1395003321636356,0.14284880054761867
516,0.14021806438229706,0.14244495799483015
517,0.14084260638521376,0.14267830604185816
518,0.14132449596060923,0.14291679670576968
519,0.14170407979672164,0.14386797035566465
520,0.14075712929697748,0.14468409196054352
521,0.14094918738705936,0.14484576953095266
522,0.14241777157945149,0.14548329845631605
523,0.14297563344176423,0.14581253227802576
524,0.1434552314664043,0.14747836248730473
525,0.1408659808839851,0.14660881473229612
526,0.13892380388517434,0.14753253338978925
527,0.1377474059084317,0.1477766166429957
528,0.13674066559000636,0.14768129032587404
529,0.13518507597080182,0.14759635869974277
530,0.13439072225265108,0.14698275986776402
531,0.13552344146848255,0.14660633036212958
532,0.13574880265157951,0.14656994993600575
533,0.13538897981959358,0.1456141458267837
534,0.1351279542441556,0.14558822999241544
535,0.1342861644804184,0.1461728425072413
536,0.13441485136118353,0.1461999480629824
537,0.1334981988222134,0.14646119319056217
538,0.1335790297871706,0.14690911013149888
539,0.13407407262006044,0.14714960555458906
540,0.1344944359165514,0.14595905037671425
541,0.13541195954145493,0.14585455011766968
542,0.13554669693121577,0.14579530514073358
543,0.13552768699985976,0.14553788336267157
544,0.13561777739100092,0.1445118150843742
545,0.13566962799860677,0.14381734198192292
546,0.1361213142365644,0.14407564810258378
547,0.13589521790590095,0.14404579665206113
548,0.13537419885056984,0.1443070186661755
549,0.13486478853722403,0.14478821608045062
550,0.13591040885777717,0.1439014849749728
551,0.1363947759064006,0.14382715826689765
552,0.13792003754406607,0.14366039272074663
553,0.13847159965904918,0.14375630851046792
554,0.1388931040801464,0.1446263069209457
555,0.1395099396267389,0.14563823492194694
556,0.14004365693997398,0.14562402267521624
557,0.13984878354244692,0.14541539207381776
558,0.13922060638660086,0.1455170906803043
559,0.13922155805368028,0.1451493559091189
560,0.1390507817586684,0.14522717720271822
561,0.13953724670028958,0.14559214525603154
562,0.13948862789276018,0.14592506356107574
563,0.14008603055313817,0.1474968212588057
564,0.14074898146710696,0.14740166694677553
565,0.14155951119945667,0.14788088565601804
566,0.14236818706858384,0.1486153904790594
567,0.14315967125075998,0.14984876566348584
568,0.14360975315282135,0.14983271200845844
569,0.14313279941472862,0.15058517736323074
570,0.14416942064458385,0.15090794223194373
571,0.1451095283358559,0.15096280654208072
572,0.144929421606196,0.15168538358597528
573,0.14592635403161608,0.15227036602504143
574,0.14749888797338673,0.15172045675280324
575,0.14362753289391053,0.1516864895640012
576,0.14166113966415125,0.15125716724055005
577,0.13944298276263967,0.15132078113531014
578,0.13834635147498708,0.151500982471649
579,0.13739711121712314,0.15247679183502677
580,0.13747793637528952,0.15417051386709857
581,0.1369108020404878,0.15392884797321182
582,0.1369509821704513,0.15574752888321514
583,0.13627939825484817,0.15773202802267997
584,0.13669868774167424,0.15732658275412442
585,0.13581820438368564,0.15774280389724626
586,0.13483398674871638,0.15743035492378651
587,0.13451801920617765,0.15704379116798944
588,0.1330870867933017,0.1569523481835784
589,0.1331563801091788,0.1578379407953011
590,0.13325103221103382,0.1576952922981315
591,0.1340618121020596,0.15869458348861426
592,0.13373820182147225,0.15715205365303322
593,0.13334345427673572,0.1571076465825283
594,0.1343636087342198,0.15617173285397762
595,0.13439951729186683,0.15667614009256392
596,0.13350494719618372,0.15594494838886316
597,0.132868715483157,0.15590687359970223
598,0.13326882546781552,0.15733960374185602
599,0.1335035425340826,0.15618550799189157
600,0.1345281728387941,0.15314887833568622
601,0.13544296015367926,0.15272875179012346
602,0.13705326313283714,0.15331590556546637
603,0.1382549679588051,0.15206151201582763
604,0.13856066815792084,0.15192527258556499
605,0.14029980908460565,0.15074346510684195
606,0.14144297571007025,0.1494891834265357
607,0.14234657241676993,0.14853091921864164
608,0.1437625683811502,0.14831624662514575
609,0.1442912841408512,0.147680511710503
610,0.1456732208144983,0.14676854639472878
611,0.14599314595406462,0.14752331367959234
612,0.14634070616542474,0.14683082769639294
613,0.14787628098079164,0.14683338555052927
614,0.1491642567289824,0.14665155941947647
615,0.14905787570929793,0.14740070554498533
616,0.1495251848545839,0.14787245753362258
617,0.1496605715224088,0.14805196740936086
618,0.1506623547355427,0.14829641640481894
619,0.1499851221152172,0.14825869245410137
620,0.14984134093641882,0.14948368502873752
621,0.15069810484448742,0.1489606431737093
622,0.1508291089437152,0.14936088860284427
623,0.15099792230834588,0.14843859493557623
624,0.15285876089650408,0.14855504844584033
625,0.14869936567033593,0.14900132138267
626,0.14594916862843138,0.14916828106166816
627,0.1436151350943145,0.14910963566041097
628,0.14138161013157524,0.1487314273215057
629,0.14157650081681003,0.1484170452301907
630,0.14075049107639095,0.14758501263407037
631,0.1392344584186309,0.14689140916256213
632,0.1382936126920733,0.14658721063319072
633,0.1381672438755678,0.1466395562167942
634,0.13737652273626516,0.1471309134699687
635,0.136950394315063,0.14682485441954748
636,0.13726201672883495,0.1469522293020995
637,0.1380353346372651,0.14917767999356438
638,0.13844569060954862,0.14885686911487356
639,0.139440380190838,0.14942208341991983
640,0.13919949536435086,0.15105501324892806
641,0.13948424629379366,0.1524689583483916
642,0.1395133494061627,0.15239335274513005
643,0.1392277053269655,0.15280750406530003
644,0.13926016478317496,0.15450498547150782
645,0.13873959687267132,0.15593554924342662
646,0.1393887519780412,0.1554055673637241
647,0.13947756245496543,0.15530974798299063
648,0.1382855078286084,0.15501322114324773
649,0.13881672953526925,0.15559765973675158
650,0.13956972394122333,0.1510039425659185
651,0.13939851588051677,0.14921187043613066
652,0.13974235210036245,0.14611733494031223
653,0.14029780683321952,0.14466165633069722
654,0.13919148139376836,0.1436024199868135
655,0.1396122047759433,0.14232155002417846
656,0.1395673768275994,0.1416680723020066
657,0.14049932002921478,0.14064010198920357
658,0.140575930351312,0.140432533016329
659,0.1406761849123675,0.13988974461892895
660,0.14070494115000728,0.13970719803403334
661,0.1412597600861865,0.1391928614822602
662,0.1411831791983184,0.13836533850424665
663,0.14255038987821017,0.13850923995847667
664,0.14326564997134533,0.13734079981515718
665,0.1445679562067383,0.13717319158227567
666,0.14542421560191954,0.13605604067087768
667,0.14505367597882649,0.1354164647731064
668,0.14555575332131984,0.13248378479660514
669,0.14525385234348304,0.13153390964527012
670,0.14685138249205756,0.13023428337217938
671,0.14675118643548624,0.12919521594860814
672,0.14645564894880167,0.12581790050764335
673,0.14699270104330445,0.12540277473298211
674,0.14716664969738213,0.12476478962414252
675,0.14540062562775014,0.12417909495011424
676,0.14494248564688447,0.12456142694146602
677,0.14392179438998984,0.12594329017677663
678,0.14228397801651113,0.1261519381686972
679,0.14217763036666156,0.12785071514831947
680,0.14187965330492455,0.12737295837784188
681,0.14132579469962697,0.1277246749217511
682,0.14150546188361937,0.1284742204168661
683,0.14149451149540543,0.12935774469107736
684,0.1400344228860832,0.12892185385074406
685,0.1399797960424693,0.12962811560457999
686,0.1394167884204002,0.1294653121951311
687,0.13978130270700462,0.1293421959541166
688,0.14002119420951376,0.12912125329057836
689,0.14054239475998462,0.1295618483411069
690,0.14019341556345827,0.13104141984639384
691,0.1402477622874624,0.1310225653044173
692,0.14028884070916525,0.13230098915487892
693,0.1399999221595644,0.13371810402298825
694,0.13932798424934167,0.13426323346334246
695,0.13900368339441957,0.13530778081454437
696,0.13858579419923403,0.13514641300885483
697,0.13756613942596568,0.13442447439027824
698,0.1367972987704506,0.13504598118289843
699,0.13689144639387152,0.13499780393710428
700,0.13816466512444758,0.13176301549916594
701,0.13995245528450723,0.13095528503373308
702,0.14025933393769727,0.129211408191516
703,0.1407519162744221,0.12922012014005954
704,0.1407990563903279,0.12978932972679572
705,0.14018992747152406,0.13020719677705936
706,0.14084493721184163,0.13031076136402278
707,0.1403960762087592,0.13026016630474982
708,0.14007680912905615,0.1297808046147966
709,0.1409417398823656,0.13005260156716955
710,0.14131448096214164,0.13020544144889457
711,0.14104228254437157,0.13085187511148244
712,0.14172706028252496,0.13158349489392893
713,0.14215552860380065,0.13130072969370404
714,0.1424979723997317,0.13091738241654768
715,0.1427127114848548,0.13085655576527236
716,0.14305171627525975,0.13179677254198557
717,0.14356787021758075,0.13062115304779096
718,0.14511549899383985,0.1308198868795942
719,0.1447301313020908,0.13025914726681365
720,0.14587672208210997,0.13087005113900618
721,0.14570095003044245,0.1307928508549032
722,0.14599973013167336,0.13066845827736365
723,0.14734547333295772,0.13203423130269665
724,0.14736183225207214,0.13185995679549747
725,0.14473108823713127,0.1302346003496096
726,0.14257052477303725,0.1304552152734229
727,0.1427968126386114,0.1312826712241594
728,0.14228884419448787,0.13235432079992132
729,0.1417612746196553,0.13185527191266386
730,0.14148971808961067,0.13179385678277358
731,0.14080023369654246,0.13203853232688828
732,0.1403513584401987,0.13250397387026483
733,0.14063666119187726,0.13238553986278254
734,0.14078887072464843,0.1319108796673258
735,0.14146740259509388,0.13125270550565593
736,0.14137792141177452,0.131445496017699
737,0.14199697995204738,0.13169877645610342
738,0.14160066045415895,0.1319666285668646
739,0.14143551578553787,0.13238203363529522
740,0.14114102374333165,0.13322652079242348
741,0.14019810949218497,0.13433212078208312
742,0.14118639114351555,0.1339906944508619
743,0.14115723773424624,0.13389367906297633
744,0.1411259587326868,0.1334797987560755
745,0.1407648117700041,0.13429603410024432
746,0.13985752466286688,0.13466643186956098
747,0.13973982247461628,0.13522929923860255
748,0.14032771596736032,0.13576313662984743
749,0.14030779804568627,0.136840827983783
750,0.1415035775366991,0.1333620740110758
751,0.14161854879510444,0.13148970053222328
752,0.14166506005687887,0.1305352415340139
753,0.14229703813118613,0.1293797056085923
754,0.14347106609378557,0.1283679683245308
755,0.14477972591722943,0.12829887369133638
756,0.1450094564698892,0.12916781790860768
757,0.14569858038174938,0.1287265690513738
758,0.14759163702254538,0.12892047471698556
759,0.14822636511746068,0.1285906564779842
760,0.1481030863391095,0.12881807008367221
761,0.147771396978919,0.1283976686805997
762,0.1473978780722041,0.12917318440295955
763,0.14739775241551364,0.1291919348877596
764,0.14793828155649197,0.12907575226082219
765,0.14818935710786474,0.12894054216992631
766,0.14915118806284766,0.12890343342103291
767,0.15037909156276666,0.12925855471824305
768,0.15097485591184442,0.1295021462887491
769,0.15169908890718156,0.12960578048329707
770,0.15129285989386154,0.1293542869467558
771,0.15096062479074654,0.13011623683435164
772,0.15052067678975226,0.1309843296586933
773,0.1498663432430431,0.13135120472154949
774,0.15058362106384285,0.1316643599114045
775,0.14830721190321877,0.13034392357448082
776,0.14698769855946026,0.12969574649846352
777,0.146399851757963,0.12808224479317182
778,0.1461138619166813,0.12796491602348986
779,0.14568528091298816,0.1280530659411299
780,0.14560388134331878,0.12776075900733358
781,0.14557966767366365,0.12766640725620157
782,0.14559710858413588,0.1276570129844104
783,0.14565812353929336,0.12720841807896344
784,0.14592313142744395,0.12709082391932713
785,0.14587171222538267,0.12628801735224793
786,0.14597752715722329,0.12632009741691183
787,0.1462360025212267,0.12713174699953103
788,0.14570187000402485,0.12752764512522471
789,0.14615719889384202,0.1275098472059018
790,0.14625606098475535,0.12751319589440452
791,0.14588373438168212,0.12725693408553074
792,0.1452411209272977,0.12756577632628563
793,0.1457722674486717,0.12742241709263416
794,0.14641433597452536,0.12762150736955855
795,0.14664620038033319,0.12900012302710998
796,0.14583741404062206,0.13037116879133545
797,0.14510873373937022,0.13033817754930552
798,0.14473862150631855,0.1311826119064325
799,0.14431203630182007,0.13158445078429062
800,0.144167308741214,0.1285285985361059
801,0.1450950757538316,0.12728120886341804
802,0.14524621763714615,0.12701201425107825
803,0.14617527832271318,0.12687398704790595
804,0.14676280901763017,0.1268486753864924
805,0.14698968310354968,0.1272608346659556
806,0.1478915087996132,0.12723862084354942
807,0.14925266260902106,0.1268569077633712
808,0.14914174874617175,0.12687501549260546
809,0.14906288950448984,0.12816071056409342
810,0.14964105789397084,0.12809361054553617
811,0.15033328163240692,0.1286910767512593
812,0.1501452431372849,0.1298028204697528
813,0.15065951611510603,0.1300172978703796
814,0.15131390356076083,0.1309259968036848
815,0.15265300454174505,0.13142744709857088
816,0.1529272512597149,0.1316130731166844
817,0.15191343451602618,0.13095030276360484
818,0.15330596261797738,0.13040736468439423
819,0.15265202544156636,0.13156542889055056
820,0.15302251401414615,0.13162780378062341
821,0.15400747684450009,0.1312910486336953
822,0.15406862467904592,0.13172761923104903
823,0.15500999103316448,0.1315208609527874
824,0.15449207055244493,0.13014386475924417
825,0.15051286538930655,0.13020551858079307
826,0.14549639926730118,0.1300175738412099
827,0.14449572948230574,0.13009024494442153
828,0.1431491097435671,0.12859390043586905
829,0.1426561797821929,0.1292350811706056
830,0.1415300689624103,0.128479162986398
831,0.14090199310415785,0.12845638179187593
832,0.1405286774968116,0.13000076831245191
833,0.14087563108881387,0.13041140688555622
834,0.14093633853710233,0.13000688149834883
835,0.14110983557218001,0.12991964608469847
836,0.14133788979981468,0.13094593981929334
837,0.1407071653164975,0.13105312703047595
838,0.14062669000747752,0.13103702007996382
839,0.14057846913990918,0.13163029582973576
840,0.14091598936869673,0.13189915821088793
841,0.14030076487349225,0.13074966795012047
842,0.13993316718527918,0.131655276713769
843,0.14033666834001687,0.13264089852214814
844,0.13952407334176947,0.13342065360078328
845,0.13836255192480298,0.1345222588988567
846,0.13860773702708584,0.1362285726010616
847,0.13852196343849874,0.13652059283251364
848,0.138460725180881,0.1379873076978479
849,0.13826718898141646,0.13681720237545528
850,0.13876845465986232,0.13137419144090204
851,0.139476724297648,0.1294670978385292
852,0.14147669347892805,0.1300778182433789
853,0.14298448716026607,0.1293394261439743
854,0.14300108559499775,0.12854606581431322
855,0.14373692006131977,0.1275241270993211
856,0.14498304886370228,0.12707880073347108
857,0.14495502120689688,0.12740954345707198
858,0.14568170611611275,0.1272288593634556
859,0.14605492072710383,0.12818547902389701
860,0.14676223538960992,0.12849290895028878
861,0.14755376532850814,0.1266876165808947
862,0.14782189289358635,0.1267325357076812
863,0.1480126163239551,0.1271320811571787
864,0.14780814270076703,0.12682320170890743
865,0.1489196281850865,0.1265419500026384
866,0.14999652570955538,0.1272072995144756
867,0.15014735640412777,0.1271952266748055
868,0.1493086381783503,0.1275535126839033
869,0.1487245604250534,0.12824447477763742
870,0.14895867636314702,0.1294026654121468
871,0.1500567677310774,0.12963677239028248
872,0.15109468103888526,0.1295264007302629
873,0.15069420963591973,0.12985868089784597
874,0.15177699611998027,0.12985923058808746
875,0.14839717370596336,0.1286687935560115
876,0.14558108566233963,0.1276171180348349
877,0.14407463383651373,0.1267322327375077
878,0.1434437953863742,0.12671192374301837
879,0.1427875944264475,0.12701132309028698
880,0.1431042554696461,0.126751166909425
881,0.1427078897227945,0.12677449694062998
882,0.14338894902699553,0.12660323180573765
883,0.14294456630282937,0.12695949007243235
884,0.14326904530290796,0.12687169105297927
885,0.14369520580000814,0.1264808544954796
886,0.14333941256116664,0.12738201572004718
887,0.14327287571248634,0.127660457897223
888,0.14377533849332327,0.1271559990861753
889,0.14384465124236187,0.12708822555002214
890,0.14440924943657232,0.12578711375176208
891,0.14402920365317506,0.1251676408247155
892,0.14414586445683866,0.12562032211714314
893,0.14397174924811626,0.12541308337861898
894,0.1442008222420017,0.1243302011863116
895,0.1441615944586767,0.12462604968937635
896,0.14499559893423047,0.1248534180922445
897,0.14489039405207788,0.125229740759573
898,0.14486045465991568,0.1255619303876815
899,0.1441378938458916,0.12577161184403093
900,0.14467697161330645,0.12489184778340737
901,0.14486882869610104,0.12484075836960087
902,0.14574040967789179,0.12408313732088408
903,0.14629706539320572,0.12320011715168092
904,0.14662579145112828,0.12355130005732173
905,0.14583938732236304,0.12357073733965679
906,0.14587246838079088,0.12275995776020761
907,0.14640547922274968,0.1228390580597386
908,0.14608997133967774,0.12398128034684709
909,0.1466248840544074,0.12427920095299723
910,0.1464444226049401,0.12489446011873427
911,0.14706401286543896,0.12557914527841296
912,0.14814290070839015,0.1260275361184852
913,0.14825200394721574,0.1261564960628139
914,0.14917218468570342,0.1255343940211275
915,0.15077186774201823,0.12484181474792358
916,0.1511873689098736,0.12504332301741838
917,0.15165724706856246,0.12507403416789617
918,0.15035806341287217,0.1252980842811638
919,0.14988042170138266,0.1255483413214633
920,0.15027841530889843,0.12512483033390284
921,0.14986936162281095,0.12437347633563772
922,0.1489288368218609,0.12474611516631513
923,0.1496871360009218,0.12459172199053868
924,0.14966744821515082,0.1255770769688865
925,0.14693895181528382,0.12609852359970822
926,0.14584018855552405,0.12648340645587236
927,0.1439941540345163,0.12634826568654278
928,0.1437264335833034,0.12750957789024348
929,0.1438583107378679,0.12873769238758276
930,0.1434165273544246,0.12836465720463816
931,0.14279349014194112,0.12846625643039633
932,0.14261123216517851,0.1286621495179043
933,0.14232478076204555,0.1290062973346651
934,0.14221371804649163,0.12924872034055584
935,0.1412109564016555,0.12983668042478905
936,0.14099767624683188,0.13045886117178274
937,0.14140235597251388,0.1297734392159583
938,0.1413112419086639,0.13036302016665083
939,0.14129794275361449,0.13065543157884632
940,0.14078719078992,0.13113068192779
941,0.14023375200598776,0.13131892525809266
942,0.14082945001684513,0.1311982584687391
943,0.14027776058810765,0.13189733632207598
944,0.13995250778684024,0.13195136923608056
945,0.13977656439552186,0.13204512650863232
946,0.13941142846575666,0.13285055170896812
947,0.13926419353176273,0.1337097526219451
948,0.1391236116292314,0.1340635969134323
949,0.13955626375840455,0.1350224517399515
950,0.14034314544074755,0.13294238582206033
951,0.14048009479902507,0.13248658106430222
952,0.1413378925862786,0.13124222348291453
953,0.14055193017127204,0.13052534382060874
954,0.14159540628350864,0.13044092264827373
955,0.1417190765247334,0.13009175486935365
956,0.14238869425774303,0.13114187921931747
957,0.1437236624482853,0.13201978903316575
958,0.14338072709371025,0.13177569711184703
959,0.14318691668642222,0.13243509651986254
960,0.14265939077630221,0.13137936165892436
961,0.14213699000459723,0.13040454938076898
962,0.14158985999903065,0.12938682365851573
963,0.1418631978966754,0.1304278723563953
964,0.1430721658467104,0.12994574379038976
965,0.1431441240304782,0.12959187309035292
966,0.1435500660646571,0.12970449652773572
967,0.1430279793349121,0.13014126720601893
968,0.14300053964012915,0.12977261320628727
969,0.14280410833984936,0.12957987771744006
970,0.1430219219863883,0.12962470903879536
971,0.1441685367909218,0.12872836380879907
972,0.1442272524024829,0.12962532965317805
973,0.1464618203537066,0.12952748340272305
974,0.14716110971388938,0.129584282309698
975,0.14245381072246008,0.12994484189798716
976,0.1407371866725597,0.1295208433930934
977,0.1407614058198412,0.12973667673141634
978,0.13921282522005166,0.12992745467429906
979,0.13930656885287365,0.12885620111227475
980,0.13979048923277854,0.12791525200013443
981,0.13914376751763177,0.12684036836175047
982,0.13970749346124803,0.12523493799352306
983,0.13855166167547184,0.125116297879239
984,0.1383147491710038,0.12472536783617405
985,0.13831786333777327,0.12437713638613387
986,0.13770272075570225,0.12560800759098165
987,0.13771734075760628,0.12488772037304965
988,0.13769962107175082,0.12568544484320968
989,0.13809686072825597,0.12613457309412476
990,0.13815982352257186,0.12606679500983545
991,0.13848129038236523,0.12742702825178365
992,0.13888882109900735,0.12610425401603856
993,0.13844702926527855,0.12633788038187097
994,0.13835879003080886,0.12751893486081103
995,0.13835722496914418,0.12818074198671384
996,0.13815150182495786,0.12941660369685845
997,0.13778457635934224,0.1297204983981034
998,0.13794683354993845,0.1299679020156707
999,0.1380000667214918,0.13108778897725343
